{"PEFEARSHErbXUQndEkh2cQ==":"mbr-1076x718.jpg","ABPy4zzbggP/lHcYHmg9/Q==":"mbr-1108x739.jpg","iORQekYJu4lPrcpmuqqA0Q==":"mbr-1-1076x718.jpg","1rCU1PrNAUpVfSZZuGGKKA==":"1-500x300.jpg","7SP3OzwY8fgi1LW3ZLxhUA==":"7-500x300.jpg","lDtBevSwykn/h1q9CY3Jug==":"11-500x300.jpg","8zA3Ut1ez9P+h6eqg2+eRg==":"10-500x300.jpg","Tp/Ixlm21Xjy9vwL8EYJwg==":"screenshot%202023-05-09%20at%203.44.41%20pm-1288x859.png","qALUwy1SF5NKdjQodAysvA==":"4-500x300.jpg","muW342AJ7PM7McQU0grqMw==":"3-500x300.jpg","2mH+Dyq27eOpEfMUmlAIRg==":"8-500x300.jpg","dSNShP6OnX8xfkUr8RxrLw==":"12-500x300.jpg","fEdZLRALsnTmUQoxKYU4Yw==":"9-500x300.jpg","BZVOYycu28uLBHRRxotq6Q==":"screenshot%202023-05-08%20at%201.00.41%20am-1256x664.png","zfaNV/k15Q1mpGQxLFkKxw==":"screenshot%202023-04-13%20at%203.48.01%20pm-1288x683.png","NBPRYu2zAIXckUKBEemnPQ==":"1-700x400.jpg","8M91uR+hRFVhVz5mRCoWPg==":"2-700x400.jpg"}